,n_genes_by_counts,log1p_n_genes_by_counts,total_counts,log1p_total_counts,pct_counts_in_top_50_genes,pct_counts_in_top_100_genes,pct_counts_in_top_200_genes,pct_counts_in_top_500_genes,total_counts_ribo,log1p_total_counts_ribo,pct_counts_ribo,n_genes,doublet_score,predicted_doublet,leiden_res_0.10,leiden_res_0.30,leiden_res_0.50,leiden,cell_type,high_ribo
AAAGAACCAATGGCAG,105,4.663439094112067,326,5.7899601708972535,83.12883435582822,98.46625766871165,100.0,100.0,152,5.030437921392435,46.62576687116564,105,0.01618122977346279,False,0,0,0,0,T/NK Lymphocytes,False
AAAGGATAGTAGACAT,152,5.030437921392435,1495,7.310550158534422,90.70234113712374,96.52173913043478,100.0,100.0,871,6.77078942390898,58.26086956521739,152,0.09952606635071093,False,0,0,1,0,T/NK Lymphocytes,True
AAAGGATCACCGGCTA,124,4.8283137373023015,845,6.740519359606223,90.1775147928994,97.15976331360947,100.0,100.0,488,6.192362489474872,57.75147928994083,124,0.055900621118012424,False,0,0,1,0,T/NK Lymphocytes,True
AAAGGATTCCGTTTCG,208,5.342334251964811,1663,7.416979621381154,82.86229705351774,92.66386049308478,99.5189416716777,100.0,676,6.517671272912275,40.64942874323512,208,0.0806451612903226,False,1,1,2,1,B Lymphocytes,False
AAAGTCCCACCAGCCA,202,5.313205979041787,2196,7.69484807238461,87.7959927140255,95.08196721311475,99.90892531876139,100.0,1176,7.0707241072602764,53.551912568306015,202,0.06666666666666667,False,0,0,1,0,T/NK Lymphocytes,False
AAATGGAAGCCGCTTG,224,5.41610040220442,1570,7.359467638255621,80.95541401273886,91.01910828025478,98.47133757961784,100.0,610,6.415096959171596,38.853503184713375,224,0.0806451612903226,False,1,1,2,1,B Lymphocytes,False
AACGAAACAGCGTTTA,116,4.762173934797756,482,6.180016653652572,85.06224066390041,96.6804979253112,100.0,100.0,154,5.043425116919247,31.950207468879665,116,0.055900621118012424,False,1,1,2,1,B Lymphocytes,False
AACGTCAAGACGCCCT,171,5.147494476813453,1125,7.026426808699636,83.2,93.68888888888888,100.0,100.0,423,6.049733455231958,37.6,171,0.04040404040404041,False,1,1,2,1,B Lymphocytes,False
AAGAACAAGACCATTC,119,4.787491742782046,755,6.628041376179533,88.0794701986755,97.48344370860927,100.0,100.0,404,6.003887067106539,53.50993377483444,119,0.06666666666666667,False,0,0,1,0,T/NK Lymphocytes,False
AAGCGTTTCGCTATTT,148,5.003946305945459,1154,7.051855622955894,88.56152512998267,95.84055459272098,100.0,100.0,643,6.467698726104354,55.719237435008665,148,0.09952606635071093,False,0,0,0,0,T/NK Lymphocytes,True
AAGTACCAGCTCCATA,144,4.976733742420574,1019,6.927557906278317,88.42001962708538,95.6820412168793,100.0,100.0,562,6.333279628139691,55.15210991167812,144,0.055900621118012424,False,0,0,0,0,T/NK Lymphocytes,False
AAGTGAATCGGAAGGT,197,5.288267030694535,1716,7.448333860897476,83.74125874125873,93.47319347319348,100.0,100.0,776,6.655440350367647,45.22144522144522,197,0.16788321167883202,True,1,1,2,1,B Lymphocytes,False
AAGTTCGAGGATACAT,140,4.948759890378168,1368,7.221835825288449,91.00877192982456,97.07602339181285,100.0,100.0,736,6.602587892189336,53.80116959064327,140,0.055900621118012424,False,0,0,0,0,T/NK Lymphocytes,False
AATGAAGCAGTATGAA,103,4.6443908991413725,535,6.284134161070802,88.97196261682242,99.4392523364486,100.0,100.0,274,5.616771097666572,51.214953271028044,103,0.029787234042553193,False,0,0,0,0,T/NK Lymphocytes,False
AATGACCGTGTCATCA,239,5.480638923341991,1525,7.330405211844402,78.49180327868852,89.37704918032787,97.44262295081967,100.0,489,6.194405391104672,32.0655737704918,239,0.09952606635071093,False,1,1,2,1,B Lymphocytes,False
ACAAAGAAGCCTCAAT,187,5.236441962829949,1044,6.951772164398911,79.78927203065133,91.4750957854406,100.0,100.0,385,5.955837369464831,36.877394636015325,187,0.12643678160919536,False,1,1,2,1,B Lymphocytes,False
ACAAAGAGTTCCATTT,145,4.983606621708336,674,6.51471269087253,82.49258160237389,93.32344213649851,100.0,100.0,314,5.752572638825633,46.58753709198813,145,0.025641025641025644,False,0,0,0,0,T/NK Lymphocytes,False
ACACGCGTCACCTCGT,115,4.7535901911063645,355,5.87493073085203,80.28169014084507,95.77464788732394,100.0,100.0,138,4.9344739331306915,38.87323943661972,115,0.04040404040404041,False,0,0,0,0,T/NK Lymphocytes,False
ACAGCCGTCGCTGTTC,116,4.762173934797756,749,6.620073206530356,90.3871829105474,97.86381842456609,100.0,100.0,398,5.988961416889864,53.13751668891856,116,0.04040404040404041,False,0,0,1,0,T/NK Lymphocytes,False
ACATCGATCTGAGAGG,134,4.90527477843843,573,6.352629396319567,83.59511343804537,94.06631762652705,100.0,100.0,302,5.713732805509369,52.70506108202443,134,0.055900621118012424,False,0,0,0,0,T/NK Lymphocytes,False
ACGATCAGTCGTTCAA,155,5.049856007249537,1143,7.042286171939743,87.48906386701663,95.18810148731409,100.0,100.0,601,6.400257445308821,52.58092738407699,155,0.09952606635071093,False,0,0,0,0,T/NK Lymphocytes,False
ACGGTCGTCACTACGA,139,4.941642422609304,1520,7.327123292259293,91.71052631578948,97.4342105263158,100.0,100.0,908,6.812345094177479,59.73684210526316,139,0.0806451612903226,False,0,0,0,0,T/NK Lymphocytes,True
ACGTACACAGACGATG,142,4.962844630259907,459,6.131226489483141,78.21350762527233,90.84967320261438,100.0,100.0,194,5.272999558563747,42.26579520697168,142,0.04735376044568246,False,0,0,0,0,T/NK Lymphocytes,False
ACTGATGCACCAGCCA,139,4.941642422609304,975,6.883462586413092,88.1025641025641,96.0,100.0,100.0,542,6.297109319933935,55.58974358974359,139,0.06666666666666667,False,0,0,1,0,T/NK Lymphocytes,True
ACTGTGACAACTCGAT,167,5.123963979403259,1532,7.334981878871814,89.62140992167102,95.62663185378591,100.0,100.0,865,6.763884908562435,56.4621409921671,167,0.0806451612903226,False,0,0,0,0,T/NK Lymphocytes,True
ACTTCGCGTACTCCGG,122,4.812184355372417,755,6.628041376179533,88.0794701986755,97.08609271523179,100.0,100.0,411,6.021023349349527,54.437086092715234,122,0.0806451612903226,False,0,0,1,0,T/NK Lymphocytes,False
AGAAGCGGTCTAGATC,165,5.111987788356544,1577,7.363913501405819,89.41027266962587,95.87824984147116,100.0,100.0,872,6.771935555839602,55.294863665187066,165,0.055900621118012424,False,0,0,0,0,T/NK Lymphocytes,False
AGAAGCGTCTGCGTCT,163,5.099866427824199,1857,7.527255919373784,90.5223478729133,96.60743134087238,100.0,100.0,1082,6.9874902470009905,58.26602046311255,163,0.09952606635071093,False,0,0,0,0,T/NK Lymphocytes,True
AGAGAATAGAGGGTCT,150,5.017279836814924,891,6.79346613258001,87.09315375982042,94.38832772166106,100.0,100.0,428,6.061456918928017,48.035914702581366,150,0.06666666666666667,False,0,0,0,0,T/NK Lymphocytes,False
AGAGAATCACCCAACG,139,4.941642422609304,1486,7.304515946460155,92.26110363391655,97.37550471063257,100.0,100.0,820,6.710523109452428,55.18169582772544,139,0.055900621118012424,False,0,0,0,0,T/NK Lymphocytes,False
AGAGCAGGTTGAGTCT,134,4.90527477843843,973,6.881411303642535,89.61973278520041,96.50565262076053,100.0,100.0,536,6.285998094508865,55.08735868448099,134,0.09952606635071093,False,0,0,0,0,T/NK Lymphocytes,False
AGATCGTCAGGACTTT,126,4.844187086458591,926,6.831953565565855,90.06479481641469,97.19222462203024,100.0,100.0,523,6.261491684321042,56.47948164146869,126,0.055900621118012424,False,0,0,0,0,T/NK Lymphocytes,True
AGCATCAGTCGGTGTC,206,5.332718793265369,1512,7.321849713788356,82.4074074074074,92.46031746031747,99.60317460317461,100.0,542,6.297109319933935,35.84656084656085,206,0.06666666666666667,False,1,1,2,1,B Lymphocytes,False
AGCATCAGTGGTCCGT,136,4.919980925828125,1258,7.138073034044347,91.17647058823529,97.13831478537361,100.0,100.0,698,6.54965074223381,55.484896661367245,136,0.04735376044568246,False,0,0,0,0,T/NK Lymphocytes,True
AGCTACACAGTCGGAA,135,4.912654885736052,1070,6.976348070447749,89.62616822429906,96.72897196261682,100.0,100.0,601,6.400257445308821,56.168224299065415,135,0.06666666666666667,False,0,0,0,0,T/NK Lymphocytes,True
AGGACGAAGATTAGTG,152,5.030437921392435,1447,7.277938572945661,90.2557014512785,96.40635798203179,100.0,100.0,795,6.679599185844383,54.94125777470629,152,0.055900621118012424,False,0,0,0,0,T/NK Lymphocytes,False
AGGACGATCCAGTACA,149,5.0106352940962555,917,6.822197390620491,86.91384950926935,94.65648854961832,100.0,100.0,500,6.2166061010848646,54.52562704471101,149,0.04040404040404041,False,0,0,0,0,T/NK Lymphocytes,False
AGGGTTTCAGCGTGCT,203,5.318119993844216,1472,7.29505641646263,80.63858695652173,91.84782608695652,99.7961956521739,100.0,576,6.3578422665081,39.130434782608695,203,0.06666666666666667,False,1,1,2,1,B Lymphocytes,False
AGGTAGGAGGAAGTAG,170,5.14166355650266,1238,7.122059881629142,85.37964458804524,94.34571890145395,100.0,100.0,671,6.51025834052315,54.20032310177706,170,0.09952606635071093,False,0,0,1,0,T/NK Lymphocytes,False
AGGTGTTCATTAAGCC,182,5.209486152841421,1014,6.922643891475888,80.07889546351085,91.91321499013807,100.0,100.0,336,5.820082930352362,33.13609467455622,182,0.055900621118012424,False,1,1,2,1,B Lymphocytes,False
AGGTTACGTCTGATAC,194,5.272999558563747,1342,7.202661196523238,84.575260804769,92.99552906110283,100.0,100.0,463,6.139884552226255,34.50074515648286,194,0.0806451612903226,False,1,1,2,1,B Lymphocytes,False
AGTAACCCAAGCTCTA,124,4.8283137373023015,457,6.126869184114185,82.71334792122538,94.74835886214443,100.0,100.0,104,4.653960350157523,22.75711159737418,124,0.04735376044568246,False,1,1,2,1,B Lymphocytes,False
AGTAGCTAGGAGTACC,135,4.912654885736052,1129,7.029972911706386,89.5482728077945,96.89991142604075,100.0,100.0,640,6.46302945692067,56.6873339238264,135,0.055900621118012424,False,0,0,1,0,T/NK Lymphocytes,True
AGTCAACGTACACGCC,216,5.37989735354046,1417,7.257002707092073,83.27452364149612,91.8136908962597,98.87085391672548,100.0,683,6.52795791762255,48.20042342978123,216,0.09952606635071093,False,0,0,1,0,T/NK Lymphocytes,False
AGTTCCCCAAACAGGC,143,4.969813299576001,494,6.20455776256869,77.32793522267207,91.29554655870446,100.0,100.0,182,5.209486152841421,36.84210526315789,143,0.04040404040404041,False,0,0,0,0,T/NK Lymphocytes,False
AGTTCGAGTATGCGTT,114,4.74493212836325,592,6.385194398997726,87.83783783783784,97.63513513513513,100.0,100.0,314,5.752572638825633,53.04054054054054,114,0.0806451612903226,False,0,0,1,0,T/NK Lymphocytes,False
ATACTTCGTACGACTT,200,5.303304908059076,1525,7.330405211844402,80.59016393442623,91.67213114754098,100.0,100.0,583,6.369900982828227,38.22950819672131,200,0.06666666666666667,False,1,1,2,1,B Lymphocytes,False
ATACTTCTCGCCGTGA,117,4.770684624465665,652,6.481577129276431,88.34355828220859,97.39263803680981,100.0,100.0,339,5.8289456176102075,51.99386503067485,117,0.0346420323325635,False,0,0,0,0,T/NK Lymphocytes,False
ATAGGCTGTGTTACAC,143,4.969813299576001,658,6.490723534502507,84.04255319148936,93.46504559270517,100.0,100.0,212,5.3612921657094255,32.21884498480243,143,0.0806451612903226,False,1,1,2,1,B Lymphocytes,False
ATCACTTGTGGCTGCT,235,5.4638318050256105,1610,7.384610383176974,79.56521739130434,90.55900621118013,97.82608695652173,100.0,544,6.300785794663244,33.7888198757764,235,0.09952606635071093,False,1,1,2,1,B Lymphocytes,False
ATCCACCCATGTCTAG,134,4.90527477843843,471,6.156978985585555,80.04246284501062,92.78131634819533,100.0,100.0,190,5.25227342804663,40.339702760084926,134,0.0346420323325635,False,0,0,0,0,T/NK Lymphocytes,False
ATCCACCGTTTGTTGG,210,5.351858133476067,1519,7.326465613840322,81.23765635286372,91.63923633969718,99.34167215273206,100.0,561,6.331501849893691,36.932192231731406,210,0.04040404040404041,False,1,1,2,1,B Lymphocytes,False
ATCGTAGCATCGGAGA,100,4.61512051684126,331,5.805134968916488,84.89425981873111,100.0,100.0,100.0,111,4.718498871295094,33.53474320241692,100,0.02205882352941177,False,1,1,2,1,B Lymphocytes,False
ATGAGTCTCCAGTTCC,148,5.003946305945459,773,6.651571873589727,83.44113842173351,93.79042690815005,100.0,100.0,403,6.0014148779611505,52.13454075032341,148,0.055900621118012424,False,0,0,1,0,T/NK Lymphocytes,False
ATGCGATGTTGTAGCT,100,4.61512051684126,526,6.267200548541362,89.92395437262357,100.0,100.0,100.0,272,5.60947179518496,51.71102661596958,100,0.04735376044568246,False,0,0,1,0,T/NK Lymphocytes,False
ATGGGAGAGACGTCCC,155,5.049856007249537,1436,7.270312886079025,90.041782729805,96.1699164345404,100.0,100.0,767,6.643789733147672,53.412256267409475,155,0.06666666666666667,False,0,0,0,0,T/NK Lymphocytes,False
ATGTCCCCATAGGTTC,151,5.0238805208462765,1170,7.065613363597717,89.40170940170941,95.64102564102565,100.0,100.0,616,6.424869023905388,52.649572649572654,151,0.055900621118012424,False,0,0,1,0,T/NK Lymphocytes,False
ATTACTCGTTGCAACT,151,5.0238805208462765,1464,7.289610521451167,89.68579234972678,96.51639344262296,100.0,100.0,841,6.7357800142423265,57.44535519125683,151,0.055900621118012424,False,0,0,1,0,T/NK Lymphocytes,True
ATTCACTTCTCCGCAT,131,4.882801922586371,444,6.09807428216624,79.05405405405406,93.01801801801803,100.0,100.0,179,5.19295685089021,40.31531531531532,131,0.0806451612903226,False,0,0,0,0,T/NK Lymphocytes,False
ATTCGTTGTAACACCT,150,5.017279836814924,1765,7.476472381163905,91.55807365439094,97.16713881019831,100.0,100.0,1014,6.922643891475888,57.45042492917847,150,0.04735376044568246,False,0,0,0,0,T/NK Lymphocytes,True
ATTCGTTGTGTTCAGT,133,4.897839799950911,1222,7.109062135687172,90.42553191489363,97.29950900163666,100.0,100.0,716,6.57507584059962,58.59247135842881,133,0.04735376044568246,False,0,0,0,0,T/NK Lymphocytes,True
ATTTCTGGTATCCTCC,164,5.10594547390058,1034,6.942156705699469,85.68665377176016,93.81044487427465,100.0,100.0,544,6.300785794663244,52.61121856866537,164,0.04040404040404041,False,0,0,1,0,T/NK Lymphocytes,False
CAACCTCGTATCGGTT,145,4.983606621708336,1024,6.932447891572509,88.37890625,95.60546875,100.0,100.0,552,6.315358001522335,53.90625,145,0.12643678160919536,False,0,0,0,0,T/NK Lymphocytes,False
CAACGATCAAAGCACG,149,5.0106352940962555,1055,6.962243464266207,88.34123222748815,95.35545023696682,100.0,100.0,579,6.363028103540465,54.88151658767772,149,0.06666666666666667,False,0,0,0,0,T/NK Lymphocytes,False
CAATCGATCCGTACGG,168,5.1298987149230735,1273,7.149916836132109,86.95993715632365,94.65828750981933,100.0,100.0,727,6.590301048196686,57.10919088766693,168,0.06666666666666667,False,0,0,0,0,T/NK Lymphocytes,True
CACGAATTCAAGTCGT,155,5.049856007249537,1333,7.195937226475569,87.69692423105776,95.87396849212303,100.0,100.0,727,6.590301048196686,54.53863465866466,155,0.09952606635071093,False,0,0,0,0,T/NK Lymphocytes,False
CACTAAGGTGATAGTA,144,4.976733742420574,974,6.882437470997847,86.24229979466119,95.48254620123203,100.0,100.0,499,6.214608098422191,51.23203285420944,144,0.055900621118012424,False,0,0,0,0,T/NK Lymphocytes,False
CACTGAAGTCTTTCTA,151,5.0238805208462765,977,6.885509670034818,88.12691914022518,94.77993858751279,100.0,100.0,514,6.244166900663736,52.610030706243606,151,0.12643678160919536,False,0,0,1,0,T/NK Lymphocytes,False
CACTGGGAGTTACTCG,136,4.919980925828125,713,6.570882962339584,84.29172510518934,94.95091164095372,100.0,100.0,226,5.424950017481403,31.697054698457222,136,0.055900621118012424,False,1,1,2,1,B Lymphocytes,False
CAGATTGAGCTGAGCA,143,4.969813299576001,1129,7.029972911706386,88.7511071744907,96.1913197519929,100.0,100.0,601,6.400257445308821,53.23294951284322,143,0.06666666666666667,False,0,0,0,0,T/NK Lymphocytes,False
CAGATTGGTGACTAAA,145,4.983606621708336,1346,7.205635176410364,90.34175334323923,96.65676077265974,100.0,100.0,757,6.630683385642372,56.2407132243685,145,0.0806451612903226,False,0,0,1,0,T/NK Lymphocytes,True
CAGGCCATCCACTAGA,152,5.030437921392435,805,6.692083742506628,84.84472049689441,93.54037267080744,100.0,100.0,261,5.568344503761097,32.422360248447205,152,0.029787234042553193,False,1,1,2,1,B Lymphocytes,False
CATAAGCTCCGTGTGG,175,5.170483995038151,1040,6.947937068614969,83.46153846153847,92.78846153846155,100.0,100.0,391,5.971261839790462,37.59615384615385,175,0.0806451612903226,False,1,1,2,1,B Lymphocytes,False
CATACTTTCAACGAGG,144,4.976733742420574,902,6.805722553416985,86.8070953436807,95.1219512195122,100.0,100.0,494,6.20455776256869,54.767184035476724,144,0.0806451612903226,False,0,0,0,0,T/NK Lymphocytes,False
CATCAAGAGCGCCGTT,78,4.3694478524670215,245,5.5053315359323625,88.57142857142857,100.0,100.0,100.0,54,4.007333185232471,22.040816326530614,78,0.0346420323325635,False,1,1,2,1,B Lymphocytes,False
CATCCGTGTATCGCTA,145,4.983606621708336,1162,7.0587581525186645,89.5869191049914,96.12736660929431,100.0,100.0,646,6.472346294500901,55.59380378657487,145,0.06666666666666667,False,0,0,0,0,T/NK Lymphocytes,True
CATGCCTGTTCCGCAG,200,5.303304908059076,1135,7.035268599281097,77.79735682819383,90.48458149779735,100.0,100.0,384,5.953243334287785,33.83259911894273,200,0.06666666666666667,False,1,1,2,1,B Lymphocytes,False
CCAAGCGAGGTTCATC,137,4.927253685157205,801,6.687108607866515,84.89388264669164,95.38077403245943,100.0,100.0,292,5.680172609017068,36.45443196004994,137,0.04040404040404041,False,1,1,2,1,B Lymphocytes,False
CCACACTCAGGACTTT,219,5.393627546352361,1762,7.47477218239787,82.51986379114642,91.60045402951191,98.9216799091941,100.0,657,6.489204931325317,37.28717366628831,219,0.12643678160919536,False,1,1,2,1,B Lymphocytes,False
CCACGAGTCTTCCTAA,221,5.402677381872279,1246,7.1284959456800365,78.330658105939,89.00481540930978,98.31460674157303,100.0,372,5.921578419643816,29.85553772070626,221,0.04040404040404041,False,1,1,2,1,B Lymphocytes,False
CCATCACTCTAACACG,151,5.0238805208462765,717,6.576469569048224,81.72942817294282,92.88702928870293,100.0,100.0,245,5.5053315359323625,34.17015341701534,151,0.04040404040404041,False,1,1,2,1,B Lymphocytes,False
CCCTAACCAGGTTCGC,180,5.198497031265826,1660,7.415175109613295,87.40963855421687,95.18072289156626,100.0,100.0,913,6.81783057145415,55.00000000000001,180,0.0806451612903226,False,0,0,0,0,T/NK Lymphocytes,False
CCCTAACGTAACTGCT,213,5.365976015021851,1826,7.510430556378006,85.70646221248631,93.59255202628697,99.2880613362541,100.0,695,6.54534966033442,38.06133625410734,213,0.09952606635071093,False,1,1,2,1,B Lymphocytes,False
CCCTTAGGTTTCCAAG,138,4.9344739331306915,790,6.673297967767654,87.84810126582279,95.18987341772151,100.0,100.0,402,5.998936561946683,50.8860759493671,138,0.0806451612903226,False,0,0,0,0,T/NK Lymphocytes,False
CCGAACGAGCTAAGTA,104,4.653960350157523,660,6.493753839851687,91.06060606060606,99.39393939393939,100.0,100.0,393,5.976350909297934,59.54545454545455,104,0.055900621118012424,False,0,0,1,0,T/NK Lymphocytes,True
CCGAACGAGGAACGCT,228,5.43372200355424,2132,7.665284718471351,84.38086303939963,92.7298311444653,98.68667917448406,100.0,896,6.799055862058796,42.026266416510325,228,0.16788321167883202,True,1,1,2,1,B Lymphocytes,False
CCGATGGTCACCTCTG,95,4.564348191467836,409,6.016157159698354,88.50855745721272,100.0,100.0,100.0,167,5.123963979403259,40.831295843520785,95,0.0346420323325635,False,1,1,2,1,B Lymphocytes,False
CCGCAAGGTACCAGAG,131,4.882801922586371,634,6.453624998892692,84.70031545741324,95.11041009463722,100.0,100.0,314,5.752572638825633,49.52681388012618,131,0.04735376044568246,False,0,0,0,0,T/NK Lymphocytes,False
CCGGGTACACTCCGAG,227,5.429345628954441,1474,7.29641326877392,78.83310719131615,89.95929443690638,98.16824966078698,100.0,535,6.284134161070802,36.29579375848033,227,0.055900621118012424,False,1,1,2,1,B Lymphocytes,False
CCGTGAGAGAGGTCAC,172,5.153291594497779,799,6.684611727667927,78.97371714643305,90.98873591989988,100.0,100.0,338,5.82600010738045,42.30287859824781,172,0.0806451612903226,False,0,0,0,0,T/NK Lymphocytes,False
CCGTTCACAGAAGCTG,104,4.653960350157523,330,5.802118375377063,83.63636363636363,98.7878787878788,100.0,100.0,154,5.043425116919247,46.666666666666664,104,0.025641025641025644,False,0,0,0,0,T/NK Lymphocytes,False
CCTAAGAAGACTCTAC,237,5.472270673671475,2143,7.670428522190693,85.58096126924872,92.76714885674289,98.27344843677088,100.0,1109,7.01211529430638,51.74988334111059,237,0.12643678160919536,False,0,0,0,0,T/NK Lymphocytes,False
CCTATCGAGACAGCGT,191,5.2574953720277815,1235,7.119635638017636,81.53846153846153,92.3076923076923,100.0,100.0,431,6.068425588244111,34.89878542510122,191,0.04735376044568246,False,1,1,2,1,B Lymphocytes,False
CCTCATGGTTTCGCTC,169,5.135798437050262,1593,7.374001859350161,89.76773383553045,95.66854990583803,100.0,100.0,928,6.834108738813838,58.25486503452605,169,0.12643678160919536,False,0,0,0,0,T/NK Lymphocytes,True
CCTCATGTCTCTCAAT,167,5.123963979403259,918,6.823286122355687,81.04575163398692,92.70152505446623,100.0,100.0,294,5.68697535633982,32.02614379084967,167,0.06666666666666667,False,1,1,2,1,B Lymphocytes,False
CCTGTTGGTGTGCCTG,193,5.267858159063328,1166,7.062191632286556,80.44596912521442,91.76672384219555,100.0,100.0,432,6.07073772800249,37.04974271012007,193,0.16788321167883202,True,1,1,2,1,B Lymphocytes,False
CGAGGAAAGTCGCGAA,121,4.804021044733257,1314,7.181591944611865,93.15068493150685,98.40182648401826,100.0,100.0,787,6.669498089857879,59.89345509893455,121,0.04040404040404041,False,0,0,0,0,T/NK Lymphocytes,True
CGGAACCGTTTGCAGT,152,5.030437921392435,1139,7.038783541388542,88.23529411764706,95.43459174714663,100.0,100.0,625,6.439350371100098,54.87269534679543,152,0.0806451612903226,False,0,0,1,0,T/NK Lymphocytes,False
CGGACACAGGACAGCT,189,5.247024072160486,1212,7.10085190894405,82.5907590759076,92.65676567656766,100.0,100.0,429,6.063785208687608,35.396039603960396,189,0.0806451612903226,False,1,1,2,1,B Lymphocytes,False
CGTGAATAGTCGGCCT,144,4.976733742420574,1244,7.126890808898808,89.63022508038586,96.46302250803859,100.0,100.0,689,6.536691597591305,55.38585209003215,144,0.06666666666666667,False,0,0,0,0,T/NK Lymphocytes,True
CGTGTCTGTCAGTTTG,139,4.941642422609304,705,6.559615237493242,85.95744680851064,94.46808510638299,100.0,100.0,220,5.3981627015177525,31.20567375886525,139,0.06666666666666667,False,1,1,2,1,B Lymphocytes,False
CGTTAGATCATTATCC,228,5.43372200355424,1839,7.517520850603031,81.94671016856987,91.84339314845025,98.4774333877107,100.0,628,6.444131256700441,34.14899401848831,228,0.04040404040404041,False,1,1,2,1,B Lymphocytes,False
CTAACCCCACTTCAAG,157,5.062595033026967,836,6.729824070489475,84.92822966507177,93.18181818181817,100.0,100.0,409,6.016157159698354,48.92344497607656,157,0.09952606635071093,False,0,0,0,0,T/NK Lymphocytes,False
CTAAGTGGTCCACTCT,151,5.0238805208462765,904,6.807934943699926,87.0575221238938,94.35840707964603,100.0,100.0,473,6.161207321695077,52.32300884955752,151,0.055900621118012424,False,0,0,0,0,T/NK Lymphocytes,False
CTATCCGAGCTGTTAC,147,4.997212273764115,1302,7.172424577124845,89.70814132104454,96.39016897081413,100.0,100.0,774,6.652863029353347,59.44700460829493,147,0.055900621118012424,False,0,0,0,0,T/NK Lymphocytes,True
CTCAACCGTGGATGAC,165,5.111987788356544,1480,7.300472814267799,88.64864864864866,95.6081081081081,100.0,100.0,806,6.693323668269949,54.45945945945946,165,0.04735376044568246,False,0,0,1,0,T/NK Lymphocytes,False
CTCATTAAGGAAGTGA,150,5.017279836814924,759,6.633318433280377,83.6627140974967,93.41238471673255,100.0,100.0,252,5.53338948872752,33.201581027667984,150,0.04735376044568246,False,1,1,2,1,B Lymphocytes,False
CTCCAACGTAGTGTGG,148,5.003946305945459,1216,7.104144092987527,89.47368421052632,96.05263157894737,100.0,100.0,659,6.492239835020471,54.19407894736842,148,0.055900621118012424,False,0,0,0,0,T/NK Lymphocytes,False
CTCCCAATCAATCAGC,146,4.990432586778736,558,6.326149473155099,80.10752688172043,91.75627240143369,100.0,100.0,227,5.429345628954441,40.681003584229394,146,0.025641025641025644,False,0,0,0,0,T/NK Lymphocytes,False
CTCCCTCGTTTACGAC,100,4.61512051684126,359,5.886104031450156,86.0724233983287,100.0,100.0,100.0,161,5.087596335232384,44.84679665738162,100,0.025641025641025644,False,0,0,1,0,T/NK Lymphocytes,False
CTCCCTCTCATCGCTC,110,4.709530201312334,356,5.877735781779639,83.14606741573034,97.19101123595506,100.0,100.0,175,5.170483995038151,49.157303370786515,110,0.055900621118012424,False,0,0,0,0,T/NK Lymphocytes,False
CTCCTCCTCACCTCTG,157,5.062595033026967,1449,7.27931883541462,89.57902001380262,96.06625258799171,100.0,100.0,846,6.741700694652055,58.38509316770186,157,0.09952606635071093,False,0,0,0,0,T/NK Lymphocytes,True
CTCCTTTTCTACACTT,144,4.976733742420574,1369,7.222566018822171,90.79620160701242,96.78597516435354,100.0,100.0,760,6.634633357861686,55.51497443389335,144,0.04735376044568246,False,0,0,0,0,T/NK Lymphocytes,True
CTGATCCGTCGCGTCA,114,4.74493212836325,629,6.4457198193855785,89.34817170111288,97.77424483306835,100.0,100.0,356,5.877735781779639,56.59777424483307,114,0.06666666666666667,False,0,0,0,0,T/NK Lymphocytes,True
CTGCCATTCAGTGTTG,170,5.14166355650266,1486,7.304515946460155,87.88694481830417,95.28936742934052,100.0,100.0,805,6.692083742506628,54.17227456258412,170,0.04735376044568246,False,0,0,0,0,T/NK Lymphocytes,False
CTGCGAGAGTGCACTT,183,5.214935757608986,1189,7.0817085861055755,83.01093355761144,93.01934398654332,100.0,100.0,383,5.950642552587727,32.21194280908327,183,0.04040404040404041,False,1,1,2,1,B Lymphocytes,False
CTGCGAGCAGATTCGT,159,5.075173815233827,1353,7.21081845347222,87.7309682187731,95.63932002956393,100.0,100.0,759,6.633318433280377,56.09756097560976,159,0.0346420323325635,False,0,0,1,0,T/NK Lymphocytes,True
CTGCGAGGTAGGTTTC,93,4.543294782270004,330,5.802118375377063,86.96969696969697,100.0,100.0,100.0,116,4.762173934797756,35.15151515151515,93,0.04040404040404041,False,1,1,2,1,B Lymphocytes,False
CTGGACGCACACGGTC,168,5.1298987149230735,905,6.80903930604298,82.5414364640884,92.48618784530387,100.0,100.0,302,5.713732805509369,33.370165745856355,168,0.04735376044568246,False,1,1,2,1,B Lymphocytes,False
CTGTCGTAGCTGGCCT,144,4.976733742420574,1061,6.967909201801884,89.34967012252592,95.85296889726673,100.0,100.0,581,6.366470447731438,54.759660697455224,144,0.0806451612903226,False,0,0,0,0,T/NK Lymphocytes,False
CTGTGGGGTCGTGATT,185,5.225746673713202,1142,7.04141166379481,83.45008756567425,92.55691768826621,100.0,100.0,544,6.300785794663244,47.635726795096325,185,0.06666666666666667,False,0,0,0,0,T/NK Lymphocytes,False
CTTCGGTTCCAAGAGG,124,4.8283137373023015,765,6.641182169740591,89.54248366013073,96.86274509803921,100.0,100.0,431,6.068425588244111,56.33986928104575,124,0.04040404040404041,False,0,0,1,0,T/NK Lymphocytes,True
GAAGGGTTCGCAGATT,96,4.574710978503383,454,6.12029741895095,89.86784140969164,100.0,100.0,100.0,235,5.4638318050256105,51.76211453744494,96,0.04040404040404041,False,0,0,0,0,T/NK Lymphocytes,False
GACACGCCAGTCCGTG,131,4.882801922586371,807,6.694562058521095,89.09541511771994,96.15861214374225,100.0,100.0,437,6.082218910376446,54.15117719950434,131,0.04735376044568246,False,0,0,1,0,T/NK Lymphocytes,False
GACCCTTCAGCGTATT,211,5.356586274672012,1176,7.0707241072602764,80.4421768707483,90.56122448979592,99.06462585034014,100.0,328,5.796057750765372,27.89115646258503,211,0.06666666666666667,False,1,1,2,1,B Lymphocytes,False
GACCTTCGTCGAGCTC,126,4.844187086458591,882,6.78332520060396,90.1360544217687,97.05215419501134,100.0,100.0,482,6.180016653652572,54.6485260770975,126,0.055900621118012424,False,0,0,0,0,T/NK Lymphocytes,False
GACTATGTCCAAGGGA,169,5.135798437050262,1502,7.315218389752975,88.68175765645806,95.40612516644474,100.0,100.0,835,6.728628613084702,55.59254327563249,169,0.09952606635071093,False,0,0,0,0,T/NK Lymphocytes,True
GAGACTTAGTCACTCA,171,5.147494476813453,778,6.658011045870748,80.33419023136247,90.87403598971723,100.0,100.0,344,5.84354441703136,44.2159383033419,171,0.09952606635071093,False,0,0,0,0,T/NK Lymphocytes,False
GAGACTTCAGGCTATT,199,5.298317366548036,1152,7.050122520269059,80.72916666666666,91.40625,100.0,100.0,378,5.937536205082426,32.8125,199,0.0806451612903226,False,1,1,2,1,B Lymphocytes,False
GAGGCAAAGTCACGAG,110,4.709530201312334,754,6.626717749249025,90.98143236074272,98.6737400530504,100.0,100.0,410,6.018593214496234,54.37665782493368,110,0.0346420323325635,False,0,0,0,0,T/NK Lymphocytes,False
GAGGGTAGTCAACACT,152,5.030437921392435,1301,7.171656822768514,89.62336664104535,96.00307455803228,100.0,100.0,716,6.57507584059962,55.03458877786318,152,0.0806451612903226,False,0,0,0,0,T/NK Lymphocytes,False
GAGTCATAGGGTTGCA,101,4.624972813284271,517,6.249975242259483,90.13539651837525,99.80657640232108,100.0,100.0,295,5.69035945432406,57.05996131528046,101,0.04735376044568246,False,0,0,1,0,T/NK Lymphocytes,True
GAGTTACAGACGACGT,163,5.099866427824199,1157,7.05444965813294,87.1218668971478,94.55488331892826,100.0,100.0,614,6.421622267806518,53.06828003457217,163,0.09952606635071093,False,0,0,0,0,T/NK Lymphocytes,False
GATCACACACCCTGTT,451,6.113682179832232,7780,8.95944014361693,76.51670951156812,88.40616966580977,95.05141388174808,100.0,2973,7.9976631270201,38.2133676092545,451,0.16788321167883202,True,0,0,0,0,T/NK Lymphocytes,False
GATGACTTCGTGGCGT,158,5.0689042022202315,995,6.903747257584598,85.62814070351759,94.17085427135679,100.0,100.0,526,6.267200548541362,52.8643216080402,158,0.06666666666666667,False,0,0,0,0,T/NK Lymphocytes,False
GATGACTTCTCTAGGA,113,4.736198448394496,560,6.329720905522696,88.21428571428571,97.67857142857143,100.0,100.0,277,5.627621113690637,49.464285714285715,113,0.029787234042553193,False,0,0,1,0,T/NK Lymphocytes,False
GATGCTAGTACAGGTG,117,4.770684624465665,865,6.763884908562435,90.86705202312139,98.03468208092485,100.0,100.0,489,6.194405391104672,56.53179190751445,117,0.09952606635071093,False,0,0,0,0,T/NK Lymphocytes,True
GATTTCTTCCTTCAGC,123,4.820281565605037,580,6.364750756851911,86.20689655172413,96.03448275862068,100.0,100.0,301,5.71042701737487,51.89655172413793,123,0.04735376044568246,False,0,0,1,0,T/NK Lymphocytes,False
GCAACCGTCATTTCCA,148,5.003946305945459,535,6.284134161070802,77.94392523364486,91.02803738317758,100.0,100.0,213,5.365976015021851,39.81308411214953,148,0.0346420323325635,False,0,0,0,0,T/NK Lymphocytes,False
GCACGTGTCAGACATC,133,4.897839799950911,401,5.996452088619021,78.05486284289277,91.77057356608479,100.0,100.0,165,5.111987788356544,41.14713216957606,133,0.04735376044568246,False,0,0,0,0,T/NK Lymphocytes,False
GCAGCCAAGAGGTCAC,141,4.955827057601261,999,6.907755278982137,88.88888888888889,95.8958958958959,100.0,100.0,558,6.326149473155099,55.85585585585585,141,0.04735376044568246,False,0,0,1,0,T/NK Lymphocytes,True
GCAGCCACATACATCG,121,4.804021044733257,771,6.648984550024776,89.62386511024644,97.27626459143968,100.0,100.0,444,6.09807428216624,57.58754863813229,121,0.0806451612903226,False,0,0,1,0,T/NK Lymphocytes,True
GCAGCTGGTAAGTTAG,212,5.3612921657094255,1592,7.373374309910049,82.28643216080403,92.8391959798995,99.2462311557789,100.0,556,6.322565239927284,34.92462311557789,212,0.16788321167883202,True,1,1,2,1,B Lymphocytes,False
GCCGTGACAACGACTT,148,5.003946305945459,693,6.542471960506805,82.68398268398268,93.07359307359307,100.0,100.0,230,5.442417710521793,33.18903318903319,148,0.04735376044568246,False,1,1,2,1,B Lymphocytes,False
GCCGTGACATGCCGGT,147,4.997212273764115,1228,7.113956109566034,88.84364820846905,96.17263843648209,100.0,100.0,664,6.499787040655854,54.071661237785015,147,0.06666666666666667,False,0,0,0,0,T/NK Lymphocytes,False
GCGAGAAAGTTGTAGA,160,5.081404364984463,1170,7.065613363597717,86.75213675213675,94.87179487179486,100.0,100.0,384,5.953243334287785,32.82051282051282,160,0.04040404040404041,False,1,1,2,1,B Lymphocytes,False
GCGGAAAGTGTGTCCG,125,4.836281906951478,770,6.647688373563329,88.44155844155844,96.75324675324676,100.0,100.0,400,5.993961427306569,51.94805194805194,125,0.04040404040404041,False,0,0,0,0,T/NK Lymphocytes,False
GCGGATCAGCAACTTC,126,4.844187086458591,564,6.336825731146441,83.86524822695036,95.39007092198581,100.0,100.0,190,5.25227342804663,33.687943262411345,126,0.06666666666666667,False,1,1,2,1,B Lymphocytes,False
GCTACCTCACGCACCA,199,5.298317366548036,1199,7.090076835776092,79.73311092577148,91.32610508757297,100.0,100.0,403,6.0014148779611505,33.61134278565471,199,0.055900621118012424,False,1,1,2,1,B Lymphocytes,False
GCTGAATCACACGGAA,130,4.875197323201151,1124,7.025538314638521,90.92526690391459,97.33096085409252,100.0,100.0,621,6.432940092739179,55.2491103202847,130,0.055900621118012424,False,0,0,1,0,T/NK Lymphocytes,False
GCTGCAGGTGCTGATT,135,4.912654885736052,1322,7.187657164114956,90.77155824508321,97.35249621785174,100.0,100.0,770,6.647688373563329,58.24508320726173,135,0.09952606635071093,False,0,0,0,0,T/NK Lymphocytes,True
GCTTCACCAACACGAG,298,5.700443573390686,3032,8.017307507688582,80.04617414248021,90.36939313984169,96.76781002638522,100.0,1305,7.174724309836376,43.04089709762533,298,0.16788321167883202,True,1,1,2,1,B Lymphocytes,False
GCTTTCGTCTGGGTCG,225,5.420534999272286,1788,7.489412083508719,81.71140939597315,91.66666666666666,98.60178970917227,100.0,626,6.440946540632921,35.01118568232663,225,0.09952606635071093,False,1,1,2,1,B Lymphocytes,False
GGAACCCTCTAATTCC,145,4.983606621708336,649,6.476972362889683,83.20493066255779,93.0662557781202,100.0,100.0,307,5.730099782973575,47.303543913713405,145,0.029787234042553193,False,0,0,1,0,T/NK Lymphocytes,False
GGAAGTGCAACCCTCT,115,4.7535901911063645,583,6.369900982828227,85.93481989708405,97.42710120068611,100.0,100.0,214,5.3706380281276624,36.706689536878216,115,0.04040404040404041,False,1,1,2,1,B Lymphocytes,False
GGATCTATCACCTACC,129,4.867534450455582,833,6.726233402358747,88.83553421368548,96.51860744297718,100.0,100.0,465,6.144185634125646,55.82232893157263,129,0.06666666666666667,False,0,0,0,0,T/NK Lymphocytes,True
GGATGTTAGCCGGATA,133,4.897839799950911,724,6.586171654854675,85.0828729281768,95.44198895027624,100.0,100.0,365,5.902633333401366,50.41436464088398,133,0.0806451612903226,False,0,0,0,0,T/NK Lymphocytes,False
GGCGTCACATTGTGCA,122,4.812184355372417,346,5.849324779946859,77.74566473988439,93.64161849710982,100.0,100.0,127,4.852030263919617,36.70520231213873,122,0.06666666666666667,False,0,0,1,0,T/NK Lymphocytes,False
GGCTGTGCACGGTGAA,140,4.948759890378168,757,6.630683385642372,85.60105680317041,94.71598414795245,100.0,100.0,399,5.991464547107982,52.70805812417437,140,0.0346420323325635,False,0,0,1,0,T/NK Lymphocytes,False
GGGAGTATCTTAGCCC,139,4.941642422609304,711,6.568077911411976,83.54430379746836,94.51476793248945,100.0,100.0,274,5.616771097666572,38.53727144866385,139,0.055900621118012424,False,1,1,2,1,B Lymphocytes,False
GGGATCCAGGGCAATC,102,4.634728988229636,333,5.8111409929767,84.38438438438438,99.3993993993994,100.0,100.0,130,4.875197323201151,39.03903903903904,102,0.029787234042553193,False,0,0,0,0,T/NK Lymphocytes,False
GGGATGAAGGGAGGGT,138,4.9344739331306915,1337,7.198931240688173,91.2490650710546,97.15781600598355,100.0,100.0,715,6.573680166960646,53.477935676888556,138,0.06666666666666667,False,0,0,0,0,T/NK Lymphocytes,False
GGGTAGAAGTAGGGTC,114,4.74493212836325,1063,6.96979066990159,92.66227657572907,98.6829727187206,100.0,100.0,615,6.423246963533519,57.85512699905927,114,0.04735376044568246,False,0,0,0,0,T/NK Lymphocytes,True
GGGTGAACATAAGCAA,152,5.030437921392435,1169,7.064759027791802,89.22155688622755,95.55175363558597,100.0,100.0,621,6.432940092739179,53.12232677502139,152,0.0806451612903226,False,0,0,0,0,T/NK Lymphocytes,False
GGGTTTACACTAAACC,134,4.90527477843843,1110,7.01301578963963,90.0,96.93693693693693,100.0,100.0,617,6.42648845745769,55.585585585585584,134,0.0346420323325635,False,0,0,1,0,T/NK Lymphocytes,True
GGTAATCCAAAGGAGA,112,4.727387818712341,515,6.246106765481563,86.01941747572816,97.66990291262137,100.0,100.0,271,5.605802066295998,52.62135922330097,112,0.12643678160919536,False,0,0,0,0,T/NK Lymphocytes,False
GGTAATCCATACCACA,137,4.927253685157205,672,6.511745329644728,82.29166666666666,94.49404761904762,100.0,100.0,203,5.318119993844216,30.208333333333332,137,0.04040404040404041,False,1,1,2,1,B Lymphocytes,False
GGTGATTCAGCTCGGT,174,5.1647859739235145,1085,6.990256500493881,81.10599078341014,92.99539170506912,100.0,100.0,355,5.87493073085203,32.71889400921659,174,0.0806451612903226,False,1,1,2,1,B Lymphocytes,False
GTAATCGCAGTTTCGA,152,5.030437921392435,1312,7.180069874302796,88.8719512195122,96.03658536585365,100.0,100.0,726,6.588926477533519,55.33536585365854,152,0.0806451612903226,False,0,0,0,0,T/NK Lymphocytes,True
GTAGAAACATGGACAG,134,4.90527477843843,702,6.555356891810665,84.47293447293447,95.15669515669516,100.0,100.0,254,5.541263545158426,36.182336182336186,134,0.04735376044568246,False,1,1,2,1,B Lymphocytes,False
GTAGATCCATCCCGTT,161,5.087596335232384,1826,7.510430556378006,91.1829134720701,96.65936473165388,100.0,100.0,1068,6.974478911025045,58.48849945235487,161,0.04040404040404041,False,0,0,0,0,T/NK Lymphocytes,True
GTATTTCAGAAGAGCA,126,4.844187086458591,1205,7.095064377287131,91.61825726141079,97.84232365145228,100.0,100.0,681,6.525029657843462,56.51452282157676,126,0.029787234042553193,False,0,0,0,0,T/NK Lymphocytes,True
GTCACGGCACCGTACG,151,5.0238805208462765,1260,7.139660335964919,89.36507936507937,95.95238095238095,100.0,100.0,711,6.568077911411976,56.42857142857143,151,0.0806451612903226,False,0,0,0,0,T/NK Lymphocytes,True
GTCACTCTCTTGAACG,143,4.969813299576001,1017,6.925595197110468,89.77384464110128,95.77187807276303,100.0,100.0,556,6.322565239927284,54.670599803343165,143,0.0806451612903226,False,0,0,0,0,T/NK Lymphocytes,False
GTCATGAAGTTTGGCT,174,5.1647859739235145,1087,6.992096427415888,82.98068077276909,93.19227230910764,100.0,100.0,399,5.991464547107982,36.706531738730455,174,0.0806451612903226,False,1,1,2,1,B Lymphocytes,False
GTCATTTCAAGAGAGA,113,4.736198448394496,846,6.741700694652055,90.66193853427896,98.46335697399527,100.0,100.0,488,6.192362489474872,57.68321513002365,113,0.055900621118012424,False,0,0,0,0,T/NK Lymphocytes,True
GTCGAATCAGAACCGA,101,4.624972813284271,408,6.013715156042802,87.5,99.75490196078431,100.0,100.0,143,4.969813299576001,35.049019607843135,101,0.04040404040404041,False,1,1,2,1,B Lymphocytes,False
GTCGCGAGTTTACCTT,121,4.804021044733257,499,6.214608098422191,83.16633266533067,95.79158316633266,100.0,100.0,199,5.298317366548036,39.879759519038075,121,0.04040404040404041,False,0,0,0,0,T/NK Lymphocytes,False
GTGAGCCGTGATCGTT,92,4.532599493153256,380,5.942799375126701,88.94736842105263,100.0,100.0,100.0,192,5.262690188904886,50.526315789473685,92,0.029787234042553193,False,0,0,0,0,T/NK Lymphocytes,False
GTGAGGACACAACATC,148,5.003946305945459,1038,6.946013991099227,88.2466281310212,95.37572254335261,100.0,100.0,545,6.302618975744905,52.50481695568401,148,0.0806451612903226,False,0,0,0,0,T/NK Lymphocytes,False
GTGCGTGAGCTTCTAG,210,5.351858133476067,1424,7.261927092702751,79.98595505617978,91.15168539325843,99.29775280898876,100.0,508,6.2324480165505225,35.674157303370784,210,0.04040404040404041,False,1,1,2,1,B Lymphocytes,False
GTGGCGTAGAATAACC,132,4.890349128221754,646,6.472346294500901,85.29411764705883,95.04643962848297,100.0,100.0,313,5.749392985908253,48.45201238390093,132,0.04735376044568246,False,0,0,0,0,T/NK Lymphocytes,False
GTGGCGTCAATCGAAA,122,4.812184355372417,725,6.587550014824796,89.24137931034483,96.9655172413793,100.0,100.0,425,6.054439346269371,58.620689655172406,122,0.055900621118012424,False,0,0,1,0,T/NK Lymphocytes,True
GTGGGAACATGAGTAA,156,5.056245805348308,1083,6.988413181999592,87.25761772853186,94.8291782086796,100.0,100.0,599,6.396929655216146,55.309325946445064,156,0.06666666666666667,False,0,0,0,0,T/NK Lymphocytes,True
GTGTCCTAGTCGGCCT,111,4.718498871295094,354,5.872117789475416,82.7683615819209,96.89265536723164,100.0,100.0,144,4.976733742420574,40.67796610169492,111,0.04735376044568246,False,0,0,0,0,T/NK Lymphocytes,False
GTTACAGAGTGTAGTA,122,4.812184355372417,1028,6.9363427358340495,91.9260700389105,97.85992217898833,100.0,100.0,591,6.3835066348840055,57.490272373540854,122,0.04040404040404041,False,0,0,0,0,T/NK Lymphocytes,True
GTTACGAGTATGAGAT,186,5.231108616854587,1317,7.183870715062453,83.52315869400152,93.47000759301443,100.0,100.0,457,6.126869184114185,34.70007593014427,186,0.09952606635071093,False,1,1,2,1,B Lymphocytes,False
GTTCCGTAGTTGCCCG,137,4.927253685157205,629,6.4457198193855785,84.26073131955485,94.11764705882352,100.0,100.0,170,5.14166355650266,27.027027027027028,137,0.04040404040404041,False,1,1,2,1,B Lymphocytes,False
GTTGAACGTACCCGCA,223,5.4116460518550396,1403,7.247080584585756,77.4768353528154,89.30862437633643,98.36065573770492,100.0,542,6.297109319933935,38.63150392017106,223,0.04735376044568246,False,1,1,2,1,B Lymphocytes,False
GTTGCTCTCATTTCCA,144,4.976733742420574,904,6.807934943699926,86.83628318584071,95.13274336283186,100.0,100.0,481,6.1779441140506,53.20796460176991,144,0.0806451612903226,False,0,0,0,0,T/NK Lymphocytes,False
GTTGTAGCAGTTCTAG,123,4.820281565605037,1042,6.949856455000773,91.36276391554703,97.79270633397313,100.0,100.0,587,6.376726947898627,56.33397312859885,123,0.09952606635071093,False,0,0,0,0,T/NK Lymphocytes,True
TAACGACCACATATGC,140,4.948759890378168,1238,7.122059881629142,90.54927302100162,96.76898222940227,100.0,100.0,718,6.577861357721047,57.996768982229405,140,0.04040404040404041,False,0,0,0,0,T/NK Lymphocytes,True
TAACTTCGTTGTGGAG,127,4.852030263919617,536,6.285998094508865,85.63432835820896,94.96268656716418,100.0,100.0,268,5.594711379601839,50.0,127,0.04735376044568246,False,0,0,0,0,T/NK Lymphocytes,False
TAAGCACAGAAGCTGC,145,4.983606621708336,1005,6.913737350659685,87.66169154228855,95.52238805970148,100.0,100.0,544,6.300785794663244,54.12935323383085,145,0.0806451612903226,False,0,0,0,0,T/NK Lymphocytes,False
TAATTCCGTCAGTCCG,163,5.099866427824199,1274,7.150701457592526,87.83359497645212,95.05494505494505,100.0,100.0,679,6.522092798170152,53.2967032967033,163,0.16788321167883202,True,0,0,0,0,T/NK Lymphocytes,False
TACGGGCTCAACGAGG,141,4.955827057601261,1226,7.112327444710911,90.86460032626428,96.6557911908646,100.0,100.0,662,6.4967749901858625,53.996737357259384,141,0.055900621118012424,False,0,0,0,0,T/NK Lymphocytes,False
TACGTCCCATGTGTCA,104,4.653960350157523,410,6.018593214496234,86.82926829268293,99.02439024390245,100.0,100.0,175,5.170483995038151,42.68292682926829,104,0.04040404040404041,False,0,0,0,0,T/NK Lymphocytes,False
TAGACTGAGATTGTGA,157,5.062595033026967,1008,6.9167150203536085,86.30952380952381,94.34523809523809,100.0,100.0,525,6.26530121273771,52.083333333333336,157,0.12643678160919536,False,0,0,0,0,T/NK Lymphocytes,False
TAGACTGTCGCCGAGT,186,5.231108616854587,1376,7.227662498728655,83.35755813953489,93.45930232558139,100.0,100.0,522,6.259581464064923,37.93604651162791,186,0.0806451612903226,False,1,1,2,1,B Lymphocytes,False
TAGGAGGCAAGACCTT,100,4.61512051684126,570,6.3473892096560105,89.47368421052632,100.0,100.0,100.0,316,5.75890177387728,55.43859649122807,100,0.0806451612903226,False,0,0,1,0,T/NK Lymphocytes,True
TAGGAGGGTTCCAGGC,139,4.941642422609304,858,6.755768921984256,87.87878787878788,95.45454545454545,100.0,100.0,468,6.150602768446279,54.54545454545454,139,0.09952606635071093,False,0,0,1,0,T/NK Lymphocytes,False
TAGGGTTAGGAACATT,152,5.030437921392435,740,6.608000625296087,83.37837837837839,92.97297297297298,100.0,100.0,389,5.966146739123692,52.567567567567565,152,0.12643678160919536,False,0,0,1,0,T/NK Lymphocytes,False
TAGGTACTCGAAGCAG,148,5.003946305945459,378,5.937536205082426,70.8994708994709,87.3015873015873,100.0,100.0,108,4.6913478822291435,28.57142857142857,148,0.06666666666666667,False,0,0,0,0,T/NK Lymphocytes,False
TCAAGCATCCACTTTA,156,5.056245805348308,1398,7.243512974665482,90.34334763948499,95.99427753934192,100.0,100.0,813,6.70196036600254,58.15450643776824,156,0.12643678160919536,False,0,0,0,0,T/NK Lymphocytes,True
TCAATCTAGAGGTTTA,142,4.962844630259907,1110,7.01301578963963,90.0,96.21621621621622,100.0,100.0,622,6.434546518787453,56.03603603603604,142,0.0806451612903226,False,0,0,0,0,T/NK Lymphocytes,True
TCAATCTGTTTCCCAC,130,4.875197323201151,809,6.697034247666484,87.76266996291719,96.29171817058096,100.0,100.0,458,6.129050210060545,56.61310259579728,130,0.06666666666666667,False,0,0,1,0,T/NK Lymphocytes,True
TCACATTCAGAACTAA,196,5.2832037287379885,1477,7.298445101508147,83.61543669600542,93.0264048747461,100.0,100.0,454,6.12029741895095,30.73798239675017,196,0.0806451612903226,False,1,1,2,1,B Lymphocytes,False
TCACTCGCAAAGCAAT,205,5.327876168789581,1639,7.402451520818244,84.01464307504575,93.34960341671751,99.69493593654668,100.0,668,6.505784060128229,40.75655887736425,205,0.09952606635071093,False,1,1,2,1,B Lymphocytes,False
TCAGTCCGTCTCTCAC,180,5.198497031265826,1492,7.30854279753919,87.06434316353887,94.63806970509383,100.0,100.0,802,6.688354713946762,53.75335120643432,180,0.06666666666666667,False,0,0,0,0,T/NK Lymphocytes,False
TCAGTTTAGGATATAC,188,5.241747015059643,1542,7.341483852363161,84.69520103761349,94.29312581063553,100.0,100.0,632,6.450470422144176,40.985732814526585,188,0.0806451612903226,False,1,1,2,1,B Lymphocytes,False
TCATACTTCAGAGCAG,134,4.90527477843843,965,6.873163834212518,87.97927461139896,96.47668393782384,100.0,100.0,535,6.284134161070802,55.44041450777202,134,0.04735376044568246,False,0,0,0,0,T/NK Lymphocytes,True
TCATATCCATGCTGCG,225,5.420534999272286,1419,7.258412150595307,78.8583509513742,89.57011980267794,98.23819591261451,100.0,653,6.483107351457199,46.01832276250881,225,0.06666666666666667,False,0,0,1,0,T/NK Lymphocytes,False
TCATGCCGTGTCTTAG,138,4.9344739331306915,1227,7.113142108707088,89.48655256723717,96.90301548492258,100.0,100.0,675,6.516193076042964,55.012224938875306,138,0.0806451612903226,False,0,0,0,0,T/NK Lymphocytes,False
TCCCATGTCGGCCCAA,98,4.59511985013459,475,6.16541785423142,89.47368421052632,100.0,100.0,100.0,244,5.501258210544727,51.368421052631575,98,0.02205882352941177,False,0,0,0,0,T/NK Lymphocytes,False
TCCGATCTCAAACCTG,146,4.990432586778736,1207,7.0967213784947605,88.89809444904722,96.18889809444904,100.0,100.0,672,6.511745329644728,55.67522783761392,146,0.055900621118012424,False,0,0,0,0,T/NK Lymphocytes,True
TCGCTTGAGAGACAAG,133,4.897839799950911,880,6.78105762593618,89.43181818181817,96.25,100.0,100.0,476,6.1675164908883415,54.090909090909086,133,0.06666666666666667,False,0,0,0,0,T/NK Lymphocytes,False
TCGGGCATCTGAACGT,177,5.181783550292085,992,6.900730664045173,80.24193548387096,92.23790322580645,100.0,100.0,360,5.8888779583328805,36.29032258064516,177,0.04735376044568246,False,1,1,2,1,B Lymphocytes,False
TCGGGTGCAGTCTGGC,96,4.574710978503383,291,5.676753802268282,84.19243986254295,100.0,100.0,100.0,67,4.219507705176107,23.02405498281787,96,0.04040404040404041,False,1,1,2,1,B Lymphocytes,False
TCGTAGACAATGAAAC,163,5.099866427824199,1086,6.99117688712121,84.62246777163904,94.1988950276243,100.0,100.0,444,6.09807428216624,40.88397790055249,163,0.06666666666666667,False,1,1,2,1,B Lymphocytes,False
TCTATACGTTATCCAG,184,5.220355825078325,1277,7.15305163493748,81.83241973375098,93.18715740015662,100.0,100.0,477,6.169610732491456,37.35317149569303,184,0.06666666666666667,False,1,1,2,1,B Lymphocytes,False
TCTGTCGAGACTAGAT,148,5.003946305945459,814,6.703188113240863,84.15233415233415,94.1031941031941,100.0,100.0,290,5.673323267171493,35.62653562653563,148,0.04040404040404041,False,1,1,2,1,B Lymphocytes,False
TCTTAGTCAACACGAG,198,5.293304824724492,1557,7.351158226430694,84.00770712909441,92.99935773924213,100.0,100.0,598,6.395261598115449,38.40719332048812,198,0.06666666666666667,False,1,1,2,1,B Lymphocytes,False
TCTTGCGAGATGAAGG,131,4.882801922586371,681,6.525029657843462,86.34361233480176,95.44787077826726,100.0,100.0,376,5.932245187448011,55.21292217327459,131,0.09952606635071093,False,0,0,0,0,T/NK Lymphocytes,False
TCTTGCGCACTACTTT,139,4.941642422609304,607,6.410174881966167,84.01976935749587,93.57495881383855,100.0,100.0,290,5.673323267171493,47.77594728171334,139,0.0806451612903226,False,0,0,1,0,T/NK Lymphocytes,False
TCTTTGAGTGGAGAAA,115,4.7535901911063645,711,6.568077911411976,90.014064697609,97.8902953586498,100.0,100.0,405,6.0063531596017325,56.9620253164557,115,0.055900621118012424,False,0,0,1,0,T/NK Lymphocytes,True
TGACCCTTCTCATTGT,178,5.187385805840755,980,6.8885724595653635,82.34693877551021,92.04081632653062,100.0,100.0,335,5.817111159963204,34.183673469387756,178,0.055900621118012424,False,1,1,2,1,B Lymphocytes,False
TGAGGAGTCCATCGTC,191,5.2574953720277815,1777,7.48324441607385,87.90095666854249,94.87900956668543,100.0,100.0,1008,6.9167150203536085,56.724817107484526,191,0.0806451612903226,False,0,0,1,0,T/NK Lymphocytes,True
TGAGTCAGTAACCCTA,137,4.927253685157205,461,6.135564891081739,80.4772234273319,91.97396963123644,100.0,100.0,205,5.327876168789581,44.46854663774403,137,0.025641025641025644,False,0,0,0,0,T/NK Lymphocytes,False
TGATCAGAGGATTCAA,283,5.648974238161206,2605,7.8655717576847906,79.07869481765835,89.71209213051824,96.81381957773513,100.0,1006,6.914730892718563,38.618042226487525,283,0.16788321167883202,True,1,1,2,1,B Lymphocytes,False
TGCAGTAAGTAGTCCT,148,5.003946305945459,939,6.84587987526405,86.36847710330139,94.88817891373802,100.0,100.0,487,6.1903154058531475,51.863684771033014,148,0.16788321167883202,True,0,0,1,0,T/NK Lymphocytes,False
TGCTCCACAATCTAGC,152,5.030437921392435,998,6.906754778648554,87.0741482965932,94.78957915831663,100.0,100.0,560,6.329720905522696,56.1122244488978,152,0.09952606635071093,False,0,0,0,0,T/NK Lymphocytes,True
TGCTTGCGTGAACTAA,128,4.859812404361672,1057,6.964135612418245,90.91769157994324,97.35099337748345,100.0,100.0,605,6.406879986069314,57.23746452223274,128,0.04040404040404041,False,0,0,0,0,T/NK Lymphocytes,True
TGGGATTGTACGATGG,221,5.402677381872279,1739,7.461640392208575,82.46118458884416,91.77688326624497,98.79240943070731,100.0,731,6.595780513961311,42.035652673950544,221,0.09952606635071093,False,1,1,2,1,B Lymphocytes,False
TGGGCTGAGAGGGTCT,129,4.867534450455582,1010,6.918695219020472,90.6930693069307,97.12871287128712,100.0,100.0,564,6.336825731146441,55.84158415841585,129,0.0806451612903226,False,0,0,0,0,T/NK Lymphocytes,True
TGGGCTGAGCGTTAGG,244,5.501258210544727,2497,7.823245690685523,83.09971966359632,92.91149379255106,98.23788546255507,100.0,949,6.856461984594587,38.00560672807369,244,0.0806451612903226,False,1,1,2,1,B Lymphocytes,False
TGGGCTGGTCGCGGTT,145,4.983606621708336,611,6.416732282512326,81.66939443535188,92.63502454991817,100.0,100.0,283,5.648974238161206,46.317512274959086,145,0.0806451612903226,False,0,0,0,0,T/NK Lymphocytes,False
TGTACAGGTGGATTTC,150,5.017279836814924,1636,7.400620577371135,89.97555012224939,96.9437652811736,100.0,100.0,913,6.81783057145415,55.806845965770165,150,0.055900621118012424,False,0,0,0,0,T/NK Lymphocytes,True
TGTCCCAGTCAGGCAA,139,4.941642422609304,749,6.620073206530356,84.77970627503338,94.79305740987985,100.0,100.0,265,5.583496308781699,35.380507343124165,139,0.02205882352941177,False,1,1,2,1,B Lymphocytes,False
TGTCCTGGTTGGCTAT,130,4.875197323201151,967,6.875232087276577,89.45191313340227,96.89762150982419,100.0,100.0,543,6.298949246855942,56.153050672182005,130,0.055900621118012424,False,0,0,1,0,T/NK Lymphocytes,True
TGTGATGAGCGACTGA,116,4.762173934797756,782,6.663132695990803,90.02557544757033,97.9539641943734,100.0,100.0,445,6.100318952020064,56.905370843989765,116,0.055900621118012424,False,0,0,1,0,T/NK Lymphocytes,True
TGTGTGATCTGACAGT,117,4.770684624465665,1089,6.993932975223189,92.74563820018365,98.43893480257117,100.0,100.0,605,6.406879986069314,55.55555555555556,117,0.0346420323325635,False,0,0,0,0,T/NK Lymphocytes,True
TGTTCATAGCTGCCTG,344,5.84354441703136,5883,8.679992081721329,86.19751827298997,93.59170491245963,97.55226925038247,100.0,3174,8.063062911326792,53.95206527281999,344,0.16788321167883202,True,0,0,1,0,T/NK Lymphocytes,False
TTCCGTGCACTCACTC,139,4.941642422609304,1216,7.104144092987527,90.70723684210526,96.79276315789474,100.0,100.0,688,6.535241271013659,56.57894736842105,139,0.04040404040404041,False,0,0,0,0,T/NK Lymphocytes,True
TTCCTTCGTGACACGA,173,5.159055299214529,881,6.782192056006791,80.02270147559591,91.71396140749148,100.0,100.0,288,5.666426688112432,32.69012485811578,173,0.04040404040404041,False,1,1,2,1,B Lymphocytes,False
TTGACCCTCGTAGTGT,144,4.976733742420574,921,6.826545223556594,87.07926167209556,95.22258414766557,100.0,100.0,499,6.214608098422191,54.18023887079262,144,0.06666666666666667,False,0,0,0,0,T/NK Lymphocytes,False
TTGCATTGTGCCTTCT,182,5.209486152841421,1164,7.060476365999801,82.81786941580756,92.9553264604811,100.0,100.0,575,6.3561076606958915,49.39862542955326,182,0.0806451612903226,False,0,0,1,0,T/NK Lymphocytes,False
TTGCCTGAGAGTGACC,182,5.209486152841421,1195,7.086737934510577,82.76150627615063,93.13807531380753,100.0,100.0,443,6.095824562432225,37.07112970711297,182,0.06666666666666667,False,1,1,2,1,B Lymphocytes,False
TTGGGATTCAGGAAGC,206,5.332718793265369,1325,7.189922170745808,79.77358490566037,91.01886792452831,99.54716981132076,100.0,461,6.135564891081739,34.79245283018868,206,0.06666666666666667,False,1,1,2,1,B Lymphocytes,False
TTGTTTGAGGTCGACA,128,4.859812404361672,1013,6.921658184151129,89.43731490621916,97.23593287265548,100.0,100.0,545,6.302618975744905,53.800592300098714,128,0.04735376044568246,False,0,0,0,0,T/NK Lymphocytes,False
TTTATGCGTAACATAG,182,5.209486152841421,1843,7.519692404116539,89.09386869234943,95.55073250135648,100.0,100.0,1067,6.97354301952014,57.89473684210527,182,0.06666666666666667,False,0,0,0,0,T/NK Lymphocytes,True
TTTATGCGTTGATCGT,163,5.099866427824199,1394,7.240649694255466,88.73744619799139,95.48063127690101,100.0,100.0,754,6.626717749249025,54.08895265423242,163,0.09952606635071093,False,0,0,1,0,T/NK Lymphocytes,False
TTTCCTCTCTCTTGCG,214,5.3706380281276624,1696,7.436617265234227,83.13679245283019,92.27594339622641,99.1745283018868,100.0,573,6.352629396319567,33.785377358490564,214,0.0806451612903226,False,1,1,2,1,B Lymphocytes,False
